id,prediction,probability
ASTH106252,0,0.01
ASTH104684,0,0.1
ASTH101731,0,0.0
ASTH104742,1,0.7
ASTH104521,0,0.01
ASTH106340,1,0.93
ASTH100576,0,0.01
ASTH105202,0,0.0
ASTH106363,1,0.98
ASTH100439,0,0.01
ASTH102750,0,0.03
ASTH107487,1,0.98
ASTH105272,0,0.03
ASTH105653,0,0.03
ASTH103999,0,0.04
ASTH106033,0,0.0
ASTH100582,0,0.01
ASTH109930,0,0.03
ASTH107051,0,0.02
ASTH108158,0,0.01
ASTH109896,0,0.45
ASTH102249,0,0.02
ASTH104640,1,1.0
ASTH109485,0,0.01
ASTH104947,0,0.0
ASTH109920,0,0.01
ASTH101963,0,0.0
ASTH108243,0,0.01
ASTH106590,1,0.93
ASTH108847,0,0.48
ASTH100321,1,0.98
ASTH102678,0,0.09
ASTH104625,1,0.97
ASTH104949,0,0.08
ASTH108328,1,0.95
ASTH103337,0,0.0
ASTH105589,0,0.15
ASTH100251,1,0.97
ASTH103973,1,0.61
ASTH106630,0,0.49
ASTH105547,1,0.95
ASTH100035,0,0.04
ASTH108362,0,0.0
ASTH101513,0,0.03
ASTH109317,1,0.99
ASTH100039,0,0.01
ASTH104819,1,0.83
ASTH103465,0,0.05
ASTH101760,1,0.75
ASTH102304,0,0.04
ASTH103723,0,0.01
ASTH108284,0,0.05
ASTH104993,0,0.0
ASTH108127,1,0.95
ASTH103032,0,0.02
ASTH107938,0,0.0
ASTH103039,0,0.01
ASTH109655,0,0.0
ASTH102545,0,0.02
ASTH102592,0,0.01
ASTH101188,0,0.0
ASTH107966,1,1.0
ASTH106077,0,0.04
ASTH100107,0,0.01
ASTH101315,0,0.0
ASTH108187,0,0.0
ASTH102753,1,0.83
ASTH109753,0,0.02
ASTH106231,0,0.34
ASTH102876,0,0.0
ASTH105323,0,0.0
ASTH100799,1,0.89
ASTH103570,0,0.19
ASTH102894,0,0.01
ASTH102927,0,0.07
ASTH108178,0,0.06
ASTH100971,0,0.0
ASTH106687,0,0.07
ASTH108575,0,0.04
ASTH102020,0,0.01
ASTH109054,0,0.0
ASTH100952,0,0.01
ASTH105359,0,0.01
ASTH103857,1,0.86
ASTH105861,1,0.54
ASTH103145,0,0.05
ASTH103305,0,0.02
ASTH103006,0,0.02
ASTH109001,1,0.63
ASTH107770,1,0.99
ASTH107438,0,0.01
ASTH107942,1,0.99
ASTH109238,0,0.0
ASTH101056,0,0.01
ASTH103154,0,0.11
ASTH103787,0,0.01
ASTH109189,1,0.54
ASTH107825,0,0.02
ASTH107539,1,0.93
ASTH107231,0,0.04
ASTH100764,0,0.01
ASTH105019,1,1.0
ASTH104903,1,0.89
ASTH108093,0,0.01
ASTH106843,0,0.08
ASTH102165,1,0.82
ASTH101862,0,0.09
ASTH107850,0,0.0
ASTH109123,1,0.99
ASTH102340,0,0.14
ASTH105527,0,0.01
ASTH106743,0,0.0
ASTH104003,1,0.95
ASTH101123,0,0.02
ASTH108709,0,0.0
ASTH104049,0,0.0
ASTH107640,1,0.86
ASTH100765,0,0.0
ASTH102344,1,0.73
ASTH104071,0,0.0
ASTH107216,0,0.0
ASTH104216,0,0.02
ASTH107952,0,0.13
ASTH105970,0,0.06
ASTH103350,1,0.97
ASTH104695,0,0.05
ASTH103399,1,1.0
ASTH104081,1,0.94
ASTH109149,0,0.0
ASTH101224,1,0.87
ASTH106292,0,0.0
ASTH103122,0,0.0
ASTH100510,0,0.01
ASTH105794,0,0.03
ASTH108181,0,0.02
ASTH109417,1,0.54
ASTH100096,0,0.02
ASTH106681,0,0.35
ASTH101512,0,0.0
ASTH108791,0,0.01
ASTH100119,1,1.0
ASTH107791,1,0.71
ASTH106517,0,0.01
ASTH100033,0,0.46
ASTH107887,0,0.02
ASTH106830,1,0.71
ASTH105421,0,0.0
ASTH101068,1,0.86
ASTH101347,1,0.52
ASTH104747,0,0.06
ASTH106005,0,0.0
ASTH106039,0,0.01
ASTH103817,0,0.0
ASTH108446,0,0.0
ASTH105269,0,0.01
ASTH106897,0,0.33
ASTH105309,0,0.37
ASTH100031,0,0.0
ASTH105674,1,0.82
ASTH104386,0,0.31
ASTH100029,0,0.0
ASTH104202,0,0.04
ASTH107507,0,0.0
ASTH100735,1,0.55
ASTH102067,1,0.98
ASTH100106,0,0.0
ASTH109644,0,0.0
ASTH108894,0,0.11
ASTH108020,0,0.0
ASTH102232,0,0.11
ASTH100993,0,0.01
ASTH109412,0,0.0
ASTH107058,0,0.03
ASTH106789,0,0.08
ASTH100360,0,0.01
ASTH100304,0,0.01
ASTH102627,0,0.04
ASTH108965,1,0.63
ASTH104513,0,0.37
ASTH105910,1,0.92
ASTH108313,0,0.0
ASTH103100,1,0.96
ASTH105703,0,0.0
ASTH103898,0,0.07
ASTH105440,0,0.0
ASTH107930,0,0.01
ASTH100621,1,0.99
ASTH107235,0,0.01
ASTH102498,0,0.0
ASTH100713,0,0.0
ASTH108403,1,0.99
ASTH102855,0,0.01
ASTH104269,0,0.06
ASTH102908,0,0.0
ASTH108080,0,0.49
ASTH104516,1,0.94
ASTH101261,0,0.39
ASTH103160,0,0.02
ASTH100970,1,0.94
ASTH103912,0,0.0
ASTH105198,0,0.04
ASTH108846,0,0.38
ASTH100259,0,0.05
ASTH103790,0,0.06
ASTH109202,1,0.96
ASTH100487,0,0.0
ASTH107907,0,0.01
ASTH100518,0,0.09
ASTH108342,0,0.0
ASTH100311,0,0.36
ASTH103231,1,1.0
ASTH107932,1,0.99
ASTH107457,0,0.01
ASTH109783,0,0.02
ASTH105183,1,0.97
ASTH108076,0,0.06
ASTH106501,0,0.0
ASTH106790,1,0.63
ASTH107772,1,0.79
ASTH102737,1,0.9
ASTH107841,0,0.02
ASTH106261,0,0.04
ASTH108205,0,0.02
ASTH101247,0,0.31
ASTH109335,1,1.0
ASTH104194,0,0.01
ASTH108000,0,0.03
ASTH107377,0,0.16
ASTH103434,0,0.05
ASTH105381,1,0.98
ASTH100958,0,0.36
ASTH100416,1,0.94
ASTH105741,1,0.78
ASTH106727,1,0.87
ASTH104381,1,0.81
ASTH105196,0,0.0
ASTH101112,0,0.0
ASTH102688,1,0.7
ASTH106472,0,0.11
ASTH108819,0,0.04
ASTH107807,0,0.0
ASTH103410,0,0.0
ASTH100080,0,0.01
ASTH104613,0,0.05
ASTH101373,0,0.0
ASTH101509,0,0.04
ASTH106442,0,0.02
ASTH103070,0,0.02
ASTH103015,0,0.04
ASTH104822,0,0.01
ASTH107821,1,0.95
ASTH100092,1,0.97
ASTH109420,0,0.03
ASTH106599,0,0.0
ASTH104442,0,0.0
ASTH107601,0,0.0
ASTH103834,0,0.03
ASTH109701,0,0.1
ASTH104321,0,0.01
ASTH103393,0,0.45
ASTH104751,0,0.0
ASTH107228,0,0.0
ASTH109190,0,0.01
ASTH102360,0,0.02
ASTH101147,1,0.95
ASTH105665,0,0.0
ASTH108074,0,0.35
ASTH104942,0,0.0
ASTH103662,1,0.99
ASTH101562,1,0.94
ASTH104112,1,1.0
ASTH109049,0,0.0
ASTH109275,0,0.0
ASTH108537,1,0.99
ASTH100794,0,0.03
ASTH105853,0,0.11
ASTH107618,1,0.99
ASTH101593,0,0.0
ASTH107417,1,0.99
ASTH105266,0,0.06
ASTH107146,1,0.64
ASTH100088,0,0.0
ASTH108694,0,0.0
ASTH109731,0,0.0
ASTH109445,0,0.01
ASTH106753,0,0.0
ASTH103501,0,0.0
ASTH102233,0,0.01
ASTH102802,0,0.01
ASTH104423,0,0.0
ASTH105662,0,0.0
ASTH107169,0,0.06
ASTH108336,0,0.0
ASTH102147,0,0.04
ASTH107968,0,0.03
ASTH106550,0,0.0
ASTH107642,0,0.0
ASTH106163,0,0.0
ASTH101494,0,0.02
ASTH107695,1,1.0
ASTH107093,0,0.05
ASTH101408,1,0.78
ASTH106690,1,0.87
ASTH103400,0,0.01
ASTH100108,0,0.02
ASTH105635,1,0.7
ASTH108481,0,0.06
ASTH106603,1,0.92
ASTH101090,0,0.0
ASTH105559,0,0.01
ASTH109411,0,0.0
ASTH108142,1,0.66
ASTH108663,1,0.84
ASTH106595,0,0.06
ASTH100623,0,0.01
ASTH106870,0,0.0
ASTH104813,0,0.0
ASTH106552,0,0.01
ASTH107529,0,0.04
ASTH105795,0,0.0
ASTH107436,0,0.01
ASTH104217,0,0.0
ASTH105940,0,0.0
ASTH108500,0,0.12
ASTH106428,0,0.01
ASTH106826,0,0.0
ASTH104130,0,0.07
ASTH107801,0,0.0
ASTH107753,0,0.0
ASTH104721,0,0.0
ASTH101650,0,0.02
ASTH104140,0,0.0
ASTH101617,0,0.03
ASTH102029,1,0.81
ASTH108517,0,0.0
ASTH104575,0,0.0
ASTH103992,0,0.02
ASTH107376,0,0.01
ASTH106149,0,0.07
ASTH104908,1,0.93
ASTH105026,0,0.03
ASTH108260,0,0.01
ASTH104731,0,0.01
ASTH107548,0,0.03
ASTH108134,0,0.0
ASTH101606,1,0.98
ASTH104773,0,0.13
ASTH108109,1,0.99
ASTH106951,0,0.06
ASTH106004,1,0.94
ASTH107728,1,0.98
ASTH103541,0,0.01
ASTH100388,0,0.0
ASTH101794,0,0.02
ASTH108731,0,0.07
ASTH104919,0,0.0
ASTH105537,0,0.0
ASTH103872,0,0.01
ASTH108868,0,0.41
ASTH102254,0,0.02
ASTH103412,0,0.0
ASTH105459,0,0.09
ASTH104955,0,0.0
ASTH107396,1,0.79
ASTH105414,0,0.01
ASTH107399,0,0.03
ASTH107414,0,0.07
ASTH109100,0,0.05
ASTH104851,1,0.95
ASTH102025,1,0.99
ASTH102615,0,0.02
ASTH107388,1,0.91
ASTH102926,0,0.0
ASTH101121,1,0.99
ASTH102910,0,0.08
ASTH108146,0,0.04
ASTH107383,0,0.16
ASTH103482,1,0.84
ASTH100795,0,0.0
ASTH101575,0,0.01
ASTH106176,0,0.0
ASTH106266,1,0.98
ASTH102458,0,0.39
ASTH103312,0,0.01
ASTH101253,0,0.07
ASTH106834,0,0.0
ASTH108794,0,0.07
ASTH103837,0,0.0
ASTH104398,0,0.04
ASTH103595,0,0.0
ASTH106621,1,1.0
ASTH108382,0,0.01
ASTH102124,0,0.0
ASTH103238,0,0.01
ASTH105403,0,0.0
ASTH105998,1,0.88
ASTH105938,0,0.01
ASTH102045,0,0.0
ASTH101578,1,0.99
ASTH100014,0,0.0
ASTH102673,1,0.9
ASTH107016,0,0.0
ASTH108720,0,0.1
ASTH108849,0,0.01
ASTH104812,0,0.02
ASTH101084,0,0.0
ASTH104983,0,0.0
ASTH107155,0,0.0
ASTH102884,1,0.55
ASTH100333,0,0.0
ASTH107204,0,0.0
ASTH104367,0,0.07
ASTH103079,1,0.79
ASTH107203,0,0.01
ASTH109909,0,0.04
ASTH108864,1,0.87
ASTH100263,0,0.02
ASTH104337,0,0.3
ASTH108895,0,0.01
ASTH108447,0,0.01
ASTH105903,0,0.03
ASTH101498,0,0.0
ASTH104190,1,0.99
ASTH107485,1,1.0
ASTH109643,0,0.09
ASTH108310,0,0.48
ASTH107590,0,0.0
ASTH100500,0,0.05
ASTH109155,0,0.07
ASTH109414,1,0.98
ASTH103095,1,0.94
ASTH104631,0,0.02
ASTH100367,1,0.87
ASTH104058,1,1.0
ASTH108174,1,0.96
ASTH104630,0,0.08
ASTH106070,0,0.02
ASTH102664,0,0.12
ASTH101026,0,0.0
ASTH105908,1,0.71
ASTH105050,0,0.0
ASTH106328,1,0.74
ASTH109733,0,0.0
ASTH101691,0,0.03
ASTH100673,1,0.74
ASTH105572,0,0.09
ASTH105766,0,0.0
ASTH105156,1,0.99
ASTH100733,1,0.93
ASTH103526,0,0.0
ASTH100568,0,0.0
ASTH109187,0,0.04
ASTH102922,0,0.04
ASTH107911,0,0.0
ASTH101558,1,0.98
ASTH100101,0,0.01
ASTH103007,0,0.01
ASTH107201,0,0.04
ASTH100303,0,0.0
ASTH100076,0,0.0
ASTH106754,1,0.97
ASTH108629,1,0.97
ASTH101208,0,0.01
ASTH107742,0,0.01
ASTH108214,0,0.09
ASTH108944,0,0.0
ASTH108413,0,0.05
ASTH101775,0,0.02
ASTH103473,0,0.01
ASTH100483,0,0.05
ASTH102189,0,0.0
ASTH100346,0,0.0
ASTH105481,0,0.11
ASTH108361,0,0.02
ASTH101472,0,0.0
ASTH105100,0,0.15
ASTH106765,0,0.07
ASTH108706,0,0.0
ASTH104929,0,0.16
ASTH106329,0,0.37
ASTH102609,0,0.03
ASTH100003,1,0.99
ASTH102213,0,0.06
ASTH104827,0,0.0
ASTH100856,0,0.0
ASTH106977,0,0.02
ASTH105885,0,0.12
ASTH100624,0,0.03
ASTH100290,0,0.0
ASTH102018,0,0.1
ASTH100668,1,0.89
ASTH108921,0,0.02
ASTH108264,0,0.03
ASTH109696,0,0.04
ASTH101631,1,0.93
ASTH105170,0,0.0
ASTH107205,0,0.0
ASTH102522,0,0.0
ASTH102215,0,0.0
ASTH106968,0,0.0
ASTH106496,0,0.0
ASTH106213,0,0.01
ASTH107032,0,0.0
ASTH107420,0,0.1
ASTH101107,0,0.0
ASTH100450,0,0.04
ASTH106289,0,0.0
ASTH109966,1,0.59
ASTH100135,1,0.96
ASTH101785,1,0.98
ASTH103404,0,0.09
ASTH102906,0,0.0
ASTH108304,0,0.01
ASTH107492,0,0.05
ASTH106100,0,0.16
ASTH104504,0,0.03
ASTH105053,1,0.99
ASTH105205,0,0.03
ASTH104080,0,0.0
ASTH106918,1,0.98
ASTH106802,0,0.0
ASTH105206,1,0.97
ASTH100532,0,0.01
ASTH104830,1,0.57
ASTH104038,0,0.0
ASTH104084,0,0.0
ASTH103204,1,1.0
ASTH107110,0,0.0
ASTH100330,0,0.12
ASTH104957,0,0.01
ASTH103033,0,0.01
ASTH107684,0,0.02
ASTH101597,0,0.0
ASTH109919,0,0.09
ASTH103597,0,0.0
ASTH109038,0,0.45
ASTH108001,0,0.21
ASTH100590,0,0.0
ASTH100647,0,0.0
ASTH109102,1,0.98
ASTH108015,0,0.04
ASTH103771,0,0.07
ASTH109039,0,0.0
ASTH105082,1,0.84
ASTH107882,0,0.02
ASTH109362,0,0.01
ASTH104210,0,0.03
ASTH108834,0,0.0
ASTH108699,0,0.0
ASTH101795,1,0.96
ASTH102586,0,0.02
ASTH108355,0,0.0
ASTH102316,1,0.95
ASTH104185,0,0.05
ASTH108827,0,0.01
ASTH107072,0,0.02
ASTH105234,1,1.0
ASTH108743,0,0.11
ASTH108670,0,0.03
ASTH104768,0,0.02
ASTH109972,0,0.0
ASTH107144,0,0.02
ASTH102913,1,0.84
ASTH109871,1,0.75
ASTH109893,0,0.06
ASTH102075,1,1.0
ASTH104302,0,0.06
ASTH105822,0,0.03
ASTH102149,0,0.13
ASTH100144,0,0.46
ASTH104963,1,1.0
ASTH108159,0,0.0
ASTH109030,0,0.08
ASTH104775,0,0.06
ASTH108933,0,0.45
ASTH107749,0,0.04
ASTH109828,0,0.0
ASTH109214,1,0.96
ASTH106060,0,0.01
ASTH109475,0,0.0
ASTH106409,0,0.0
ASTH103317,0,0.0
ASTH107464,0,0.19
ASTH103061,1,0.75
ASTH101355,0,0.0
ASTH104514,1,0.94
ASTH105505,0,0.02
ASTH105250,0,0.03
ASTH104511,1,0.98
ASTH101730,0,0.02
ASTH101758,0,0.0
ASTH106650,0,0.03
ASTH106646,0,0.01
ASTH109860,0,0.02
ASTH104139,0,0.03
ASTH109393,1,0.59
ASTH105123,0,0.04
ASTH100000,0,0.46
ASTH101864,0,0.0
ASTH100543,0,0.01
ASTH100349,1,0.53
ASTH106906,1,1.0
ASTH109765,1,1.0
ASTH102523,0,0.0
ASTH103464,0,0.01
ASTH100457,0,0.01
ASTH103023,0,0.0
ASTH107261,0,0.0
ASTH109515,0,0.04
ASTH107872,0,0.01
ASTH106625,0,0.35
ASTH102534,0,0.0
ASTH100131,0,0.01
ASTH103704,1,0.94
ASTH101372,0,0.01
ASTH106200,0,0.0
ASTH104856,1,0.86
ASTH104712,0,0.0
ASTH105544,0,0.0
ASTH101413,1,0.97
ASTH104113,0,0.0
ASTH100655,0,0.05
ASTH108137,0,0.0
ASTH104098,0,0.01
ASTH100592,0,0.09
ASTH108708,0,0.0
ASTH103123,0,0.06
ASTH103047,1,0.92
ASTH103887,0,0.05
ASTH105735,0,0.0
ASTH102184,0,0.01
ASTH102145,0,0.01
ASTH107047,0,0.0
ASTH103105,0,0.0
ASTH109233,0,0.41
ASTH109096,0,0.12
ASTH102769,0,0.0
ASTH105221,1,0.99
ASTH105833,0,0.07
ASTH101732,0,0.08
ASTH100265,0,0.07
ASTH105144,0,0.04
ASTH108267,1,0.99
ASTH103937,0,0.09
ASTH100761,0,0.01
ASTH107220,1,0.81
ASTH108439,0,0.01
ASTH103257,0,0.02
ASTH104338,0,0.0
ASTH104362,1,0.72
ASTH100316,0,0.02
ASTH108069,0,0.0
ASTH101851,0,0.0
ASTH102484,0,0.01
ASTH109873,0,0.0
ASTH109574,0,0.4
ASTH101078,0,0.15
ASTH108358,0,0.01
ASTH107333,0,0.05
ASTH101071,0,0.01
ASTH100103,0,0.0
ASTH105748,0,0.01
ASTH101418,0,0.21
ASTH101658,0,0.0
ASTH105284,1,0.69
ASTH101149,1,0.82
ASTH107150,0,0.0
ASTH101568,0,0.1
ASTH101087,0,0.08
ASTH106085,0,0.05
ASTH108674,1,0.93
ASTH108341,0,0.01
ASTH107811,0,0.0
ASTH106084,0,0.0
ASTH108773,0,0.04
ASTH108757,0,0.1
ASTH101692,0,0.01
ASTH104734,0,0.33
ASTH103387,1,0.89
ASTH103646,0,0.13
ASTH101683,0,0.0
ASTH100008,0,0.0
ASTH106062,0,0.0
ASTH106516,0,0.02
ASTH104123,1,0.71
ASTH108729,0,0.03
ASTH106045,0,0.01
ASTH100567,0,0.0
ASTH109161,0,0.02
ASTH101803,0,0.0
ASTH108501,1,0.91
ASTH104900,0,0.45
ASTH101599,0,0.02
ASTH107931,0,0.08
ASTH109547,0,0.01
ASTH102823,0,0.01
ASTH105467,0,0.02
ASTH103529,1,0.86
ASTH108683,1,0.94
ASTH101155,1,0.98
ASTH106547,0,0.01
ASTH109088,0,0.01
ASTH107620,0,0.05
ASTH108296,1,0.71
ASTH104540,0,0.08
ASTH109134,0,0.0
ASTH106482,1,0.89
ASTH105826,0,0.03
ASTH101190,1,0.59
ASTH107444,0,0.0
ASTH108520,1,0.86
ASTH100960,0,0.06
ASTH107454,1,0.82
ASTH100036,0,0.01
ASTH107516,0,0.02
ASTH107644,0,0.06
ASTH104438,0,0.0
ASTH106161,1,0.79
ASTH107744,0,0.0
ASTH109587,1,0.98
ASTH108119,0,0.0
ASTH106967,0,0.0
ASTH105718,0,0.01
ASTH100577,0,0.01
ASTH109833,0,0.01
ASTH104102,0,0.0
ASTH107646,0,0.0
ASTH104151,1,1.0
ASTH103130,0,0.01
ASTH104890,0,0.36
ASTH109975,1,0.99
ASTH107471,0,0.07
ASTH101833,1,0.99
ASTH109148,1,0.99
ASTH104891,1,1.0
ASTH102287,0,0.06
ASTH101330,0,0.03
ASTH102771,0,0.01
ASTH103686,0,0.0
ASTH108283,0,0.0
ASTH105928,1,0.99
ASTH100637,1,1.0
ASTH100047,0,0.02
ASTH102602,0,0.09
ASTH101965,0,0.01
ASTH102168,0,0.05
ASTH105049,1,0.99
ASTH103334,0,0.0
ASTH103019,0,0.04
ASTH108764,0,0.12
ASTH109176,0,0.01
ASTH101360,1,0.69
ASTH105798,0,0.01
ASTH109400,0,0.06
ASTH103251,1,0.63
ASTH106300,1,0.93
ASTH102251,0,0.01
ASTH106027,1,0.96
ASTH101175,1,0.99
ASTH108799,0,0.0
ASTH103279,1,1.0
ASTH102973,0,0.0
ASTH103396,0,0.0
ASTH106939,0,0.05
ASTH100965,0,0.0
ASTH108574,0,0.0
ASTH100742,1,0.9
ASTH107514,0,0.0
ASTH103314,1,0.83
ASTH104898,0,0.45
ASTH109340,0,0.0
ASTH104672,0,0.14
ASTH108618,0,0.0
ASTH101217,0,0.01
ASTH104397,0,0.0
ASTH106080,0,0.02
ASTH102614,0,0.06
ASTH102620,0,0.04
ASTH108714,1,1.0
ASTH107282,1,0.82
ASTH103379,0,0.0
ASTH107301,1,0.83
ASTH109857,1,0.85
ASTH105605,1,0.97
ASTH109813,0,0.01
ASTH105786,0,0.01
ASTH108518,1,1.0
ASTH106850,0,0.02
ASTH101516,1,0.97
ASTH105098,1,0.97
ASTH107636,0,0.02
ASTH109085,0,0.08
ASTH108023,0,0.02
ASTH102392,0,0.07
ASTH100586,1,0.74
ASTH103519,1,0.92
ASTH107653,0,0.05
ASTH108946,0,0.0
ASTH100850,0,0.0
ASTH100335,0,0.11
ASTH106634,0,0.02
ASTH108972,0,0.03
ASTH107493,0,0.02
ASTH102868,1,0.98
ASTH104872,0,0.4
ASTH103550,0,0.05
ASTH103842,0,0.0
ASTH107262,1,0.51
ASTH105824,0,0.02
ASTH100023,0,0.01
ASTH101453,0,0.02
ASTH101684,0,0.0
ASTH102310,1,0.96
ASTH109063,1,0.56
ASTH109406,0,0.01
ASTH100381,1,0.89
ASTH105814,1,0.64
ASTH105550,0,0.02
ASTH109308,1,0.98
ASTH101618,0,0.0
ASTH100789,0,0.0
ASTH105983,0,0.05
ASTH108672,0,0.0
ASTH104475,0,0.17
ASTH105606,1,0.79
ASTH109312,0,0.0
ASTH105648,0,0.0
ASTH106216,0,0.0
ASTH102286,0,0.02
ASTH109993,0,0.03
ASTH107578,1,0.99
ASTH101183,0,0.13
ASTH106001,0,0.0
ASTH105090,0,0.0
ASTH102516,0,0.04
ASTH104122,0,0.01
ASTH105521,0,0.0
ASTH105627,0,0.02
ASTH108360,1,0.99
ASTH105872,0,0.0
ASTH108612,0,0.0
ASTH107727,1,0.99
ASTH105968,0,0.01
ASTH101180,0,0.05
ASTH108762,1,0.96
ASTH108235,0,0.01
ASTH102818,0,0.08
ASTH109964,0,0.15
ASTH108703,0,0.0
ASTH106608,0,0.0
ASTH102820,0,0.0
ASTH107535,0,0.01
ASTH102260,0,0.0
ASTH102239,0,0.03
ASTH106021,0,0.0
ASTH100782,0,0.0
ASTH100932,1,0.89
ASTH106202,0,0.0
ASTH102412,0,0.0
ASTH106997,0,0.0
ASTH109115,0,0.0
ASTH101156,1,0.96
ASTH108107,0,0.0
ASTH105805,1,0.71
ASTH104879,0,0.11
ASTH103309,0,0.02
ASTH108961,0,0.09
ASTH101702,0,0.46
ASTH102492,0,0.0
ASTH103706,0,0.07
ASTH108276,1,0.97
ASTH100286,0,0.0
ASTH101608,0,0.02
ASTH106631,0,0.04
ASTH108278,0,0.0
ASTH107315,0,0.0
ASTH102252,0,0.0
ASTH107415,0,0.01
ASTH108365,0,0.0
ASTH101891,0,0.0
ASTH105062,0,0.0
ASTH106120,1,0.98
ASTH100563,0,0.08
ASTH100291,0,0.0
ASTH104716,1,0.87
ASTH107708,0,0.03
ASTH106349,1,1.0
ASTH100169,1,0.98
ASTH100267,0,0.02
ASTH104638,0,0.02
ASTH107077,0,0.05
ASTH103355,0,0.0
ASTH108279,0,0.01
ASTH100315,0,0.0
ASTH106728,1,1.0
ASTH109495,0,0.04
ASTH104067,0,0.01
ASTH100245,0,0.04
ASTH100252,0,0.01
ASTH101111,0,0.45
ASTH104801,0,0.01
ASTH101713,0,0.04
ASTH100050,0,0.0
ASTH101835,0,0.06
ASTH107896,0,0.01
ASTH103383,0,0.06
ASTH106410,0,0.05
ASTH104313,0,0.0
ASTH100872,0,0.01
ASTH101254,1,0.99
ASTH108881,0,0.01
ASTH105851,0,0.02
ASTH105702,1,0.99
ASTH108103,0,0.0
ASTH102098,0,0.0
ASTH105128,0,0.0
ASTH100248,1,0.53
ASTH106561,0,0.03
ASTH101339,1,0.84
ASTH107017,0,0.17
ASTH102110,0,0.03
ASTH101569,1,0.97
ASTH101726,0,0.05
ASTH108384,0,0.02
ASTH106940,1,0.96
ASTH104395,0,0.05
ASTH102420,0,0.14
ASTH103045,1,0.88
ASTH105503,0,0.02
ASTH103703,1,0.99
ASTH108191,0,0.0
ASTH105331,0,0.02
ASTH109808,0,0.0
ASTH100447,0,0.0
ASTH107894,0,0.1
ASTH108728,0,0.09
ASTH107828,0,0.01
ASTH101768,0,0.02
ASTH106808,0,0.12
ASTH104704,0,0.0
ASTH103869,0,0.17
ASTH101655,0,0.07
ASTH103187,1,0.83
ASTH100683,0,0.01
ASTH104170,0,0.03
ASTH104477,1,1.0
ASTH100461,1,0.82
ASTH105764,0,0.02
ASTH107522,0,0.1
ASTH104502,0,0.04
ASTH109709,0,0.09
ASTH100318,0,0.08
ASTH101145,1,0.99
ASTH105094,0,0.0
ASTH101393,0,0.04
ASTH106623,0,0.0
ASTH101501,0,0.01
ASTH106408,0,0.03
ASTH100376,1,0.88
ASTH100410,1,0.77
ASTH101660,0,0.0
ASTH103151,0,0.02
ASTH101623,0,0.0
ASTH105609,0,0.01
ASTH108532,0,0.04
ASTH105802,0,0.0
ASTH105306,0,0.05
ASTH107086,0,0.01
ASTH108897,1,0.95
ASTH107488,0,0.03
ASTH109615,0,0.0
ASTH109217,0,0.0
ASTH101672,1,0.51
ASTH102358,0,0.01
ASTH108467,0,0.0
ASTH100274,0,0.0
ASTH102473,1,0.76
ASTH105489,1,0.9
ASTH104771,1,0.98
ASTH102107,0,0.0
ASTH107500,0,0.0
ASTH104414,0,0.0
ASTH108138,0,0.0
ASTH108660,0,0.0
ASTH108239,0,0.03
ASTH102417,0,0.01
ASTH108771,0,0.11
ASTH102236,1,0.96
ASTH103767,1,0.88
ASTH109791,0,0.18
ASTH109989,0,0.06
ASTH109965,0,0.07
ASTH107323,1,0.71
ASTH101383,0,0.01
ASTH103101,0,0.0
ASTH103921,0,0.01
ASTH106685,1,0.96
ASTH103194,0,0.05
ASTH101941,0,0.0
ASTH107713,1,0.99
ASTH104896,0,0.09
ASTH104782,1,0.75
ASTH101496,0,0.0
ASTH101957,0,0.02
ASTH109171,0,0.01
ASTH109745,0,0.03
ASTH107332,0,0.22
ASTH107949,0,0.0
ASTH103017,0,0.0
ASTH106746,0,0.0
ASTH100513,0,0.01
ASTH103934,0,0.09
ASTH103025,0,0.0
ASTH101199,0,0.03
ASTH105028,0,0.09
ASTH109784,0,0.03
ASTH100921,1,0.85
ASTH104649,0,0.08
ASTH105332,1,0.94
ASTH101076,0,0.0
ASTH106768,0,0.0
ASTH109410,0,0.02
ASTH101671,1,0.98
ASTH100474,0,0.06
ASTH109186,0,0.48
ASTH108839,0,0.02
ASTH105758,0,0.0
ASTH106297,0,0.0
ASTH102478,1,1.0
ASTH105493,1,0.56
ASTH103914,0,0.01
ASTH102138,0,0.01
ASTH105454,0,0.0
ASTH105379,0,0.12
ASTH108985,0,0.2
ASTH104023,0,0.04
ASTH103485,0,0.05
ASTH102455,0,0.47
ASTH102464,0,0.01
ASTH108696,0,0.05
ASTH101369,0,0.41
ASTH106688,1,0.98
ASTH107456,1,1.0
ASTH109974,0,0.03
ASTH101901,0,0.17
ASTH104871,0,0.01
ASTH104710,1,1.0
ASTH107886,1,0.83
ASTH101793,0,0.0
ASTH102874,0,0.05
ASTH106217,0,0.08
ASTH105213,1,0.78
ASTH102245,0,0.0
ASTH101741,0,0.0
ASTH101020,0,0.09
ASTH100705,0,0.0
ASTH104294,0,0.03
ASTH105576,0,0.01
ASTH107166,1,0.71
ASTH108177,1,0.96
ASTH100908,0,0.0
ASTH105193,0,0.0
ASTH103077,0,0.0
ASTH109366,0,0.1
ASTH100594,0,0.03
ASTH105304,1,0.75
ASTH100440,0,0.0
ASTH107606,1,0.97
ASTH104092,0,0.02
ASTH106134,0,0.49
ASTH100010,1,0.95
ASTH103776,0,0.0
ASTH108999,0,0.01
ASTH103708,1,0.98
ASTH103780,0,0.35
ASTH100093,0,0.47
ASTH109239,1,1.0
ASTH103949,0,0.08
ASTH105785,0,0.06
ASTH104870,0,0.0
ASTH104802,0,0.42
ASTH104867,0,0.0
ASTH100292,0,0.14
ASTH107888,1,1.0
ASTH107405,0,0.0
ASTH105595,0,0.0
ASTH102886,0,0.5
ASTH106454,0,0.4
ASTH102542,0,0.0
ASTH101765,0,0.0
ASTH106800,0,0.14
ASTH101877,1,0.94
ASTH101981,0,0.0
ASTH109729,0,0.04
ASTH109608,0,0.0
ASTH102685,1,0.75
ASTH108930,0,0.01
ASTH103458,0,0.42
ASTH104541,1,0.97
ASTH102178,1,1.0
ASTH104450,0,0.02
ASTH103859,0,0.19
ASTH107623,0,0.09
ASTH107654,0,0.0
ASTH104519,0,0.12
ASTH102517,0,0.14
ASTH104836,0,0.0
ASTH102885,0,0.0
ASTH107281,0,0.01
ASTH106255,0,0.09
ASTH104539,0,0.0
ASTH105639,1,0.51
ASTH109459,0,0.05
ASTH103481,0,0.09
ASTH101277,1,0.98
ASTH103146,0,0.0
ASTH108262,1,0.98
ASTH103205,0,0.0
ASTH109892,1,0.54
ASTH102742,0,0.16
ASTH106076,0,0.0
ASTH104047,0,0.43
ASTH105731,1,0.77
ASTH102945,1,0.99
ASTH105790,0,0.08
ASTH106794,1,0.62
ASTH106543,0,0.02
ASTH100700,0,0.0
ASTH103574,0,0.0
ASTH107699,0,0.01
ASTH102515,0,0.0
ASTH103000,0,0.01
ASTH105820,0,0.0
ASTH108581,0,0.12
ASTH103684,1,0.93
ASTH102995,0,0.04
ASTH104252,1,0.81
ASTH103411,0,0.48
ASTH107962,0,0.02
ASTH106309,1,0.85
ASTH108611,0,0.03
ASTH105012,0,0.01
ASTH107750,0,0.01
ASTH105979,0,0.01
ASTH104048,0,0.0
ASTH104899,0,0.03
ASTH101318,0,0.0
ASTH109772,0,0.0
ASTH109137,0,0.01
ASTH107142,0,0.1
ASTH101897,0,0.1
ASTH107465,0,0.01
ASTH100603,0,0.34
ASTH102846,0,0.0
ASTH108207,0,0.09
ASTH100393,0,0.15
ASTH104436,1,0.75
ASTH109447,0,0.0
ASTH107234,0,0.0
ASTH105398,0,0.02
ASTH100095,1,0.92
ASTH101662,0,0.0
ASTH108970,1,0.98
ASTH105130,0,0.0
ASTH101488,0,0.08
ASTH108316,0,0.0
ASTH102707,1,0.97
ASTH101595,0,0.0
ASTH109277,0,0.03
ASTH102377,0,0.0
ASTH105140,1,0.95
ASTH106147,0,0.07
ASTH108241,0,0.01
ASTH103948,0,0.05
ASTH103933,1,0.99
ASTH104797,0,0.0
ASTH104372,0,0.0
ASTH109862,0,0.02
ASTH108242,0,0.0
ASTH103448,0,0.45
ASTH102943,0,0.45
ASTH102465,0,0.2
ASTH108582,0,0.05
ASTH105506,0,0.0
ASTH102698,0,0.24
ASTH102447,0,0.01
ASTH100019,1,0.81
ASTH102748,0,0.01
ASTH105399,1,0.99
ASTH108078,0,0.11
ASTH106871,0,0.0
ASTH104708,1,0.98
ASTH109476,0,0.19
ASTH100809,1,0.98
ASTH107477,0,0.01
ASTH102273,0,0.01
ASTH101923,0,0.0
ASTH101470,0,0.06
ASTH107934,0,0.13
ASTH107407,0,0.06
ASTH102406,1,1.0
ASTH101142,0,0.0
ASTH101747,0,0.0
ASTH105709,0,0.0
ASTH104975,0,0.02
ASTH107300,0,0.16
ASTH108148,0,0.0
ASTH102833,1,0.93
ASTH103131,0,0.06
ASTH101310,0,0.0
ASTH108650,0,0.0
ASTH106774,0,0.32
ASTH106756,1,0.88
ASTH100620,0,0.03
ASTH102701,0,0.0
ASTH102199,0,0.01
ASTH106196,0,0.0
ASTH108824,1,0.78
ASTH101046,0,0.0
ASTH105768,0,0.0
ASTH109947,0,0.39
ASTH109019,0,0.02
ASTH100743,0,0.0
ASTH100222,0,0.04
ASTH103149,0,0.0
ASTH100625,0,0.03
ASTH109334,0,0.0
ASTH107566,0,0.02
ASTH104582,0,0.39
ASTH105711,0,0.0
ASTH103284,0,0.0
ASTH107585,0,0.01
ASTH109646,0,0.05
ASTH101530,1,0.79
ASTH109685,0,0.04
ASTH100353,0,0.0
ASTH102474,1,0.97
ASTH108013,0,0.0
ASTH106475,0,0.01
ASTH106449,1,0.95
ASTH100239,1,0.81
ASTH102625,1,0.93
ASTH109786,0,0.0
ASTH107198,0,0.02
ASTH107692,1,0.57
ASTH102997,0,0.0
ASTH106440,0,0.0
ASTH104562,0,0.0
ASTH108614,0,0.01
ASTH101479,0,0.06
ASTH101018,0,0.02
ASTH103094,0,0.03
ASTH106182,0,0.0
ASTH104960,0,0.02
ASTH108492,0,0.0
ASTH101103,0,0.03
ASTH106081,0,0.0
ASTH109525,0,0.01
ASTH105190,0,0.04
ASTH104181,0,0.06
ASTH104467,0,0.0
ASTH101626,0,0.01
ASTH106717,0,0.05
ASTH103798,0,0.03
ASTH103053,0,0.39
ASTH102867,1,0.88
ASTH101432,0,0.01
ASTH107983,0,0.04
ASTH109346,1,0.88
ASTH109419,0,0.1
ASTH104076,1,0.54
ASTH100217,0,0.09
ASTH103555,0,0.0
ASTH107936,0,0.0
ASTH108421,0,0.37
ASTH101034,0,0.0
ASTH103773,1,0.76
ASTH104132,0,0.01
ASTH102335,0,0.0
ASTH106492,0,0.08
ASTH101482,0,0.02
ASTH100906,0,0.02
ASTH106088,1,0.99
ASTH106466,0,0.0
ASTH105676,0,0.0
ASTH102770,1,0.97
ASTH101805,1,0.93
ASTH107374,0,0.0
ASTH102114,0,0.05
ASTH104534,0,0.48
ASTH102531,1,0.61
ASTH108525,0,0.0
ASTH103470,1,0.71
ASTH101402,0,0.01
ASTH100852,0,0.0
ASTH103082,0,0.26
ASTH108024,0,0.08
ASTH107565,1,0.96
ASTH105529,0,0.03
ASTH107854,0,0.35
ASTH104932,0,0.18
ASTH105159,0,0.02
ASTH109715,1,0.92
ASTH103846,1,0.58
ASTH106483,0,0.0
ASTH100747,0,0.06
ASTH103034,0,0.0
ASTH100347,0,0.0
ASTH103351,0,0.04
ASTH102864,0,0.0
ASTH102167,0,0.0
ASTH106954,0,0.0
ASTH106209,0,0.06
ASTH102777,0,0.0
ASTH101441,0,0.02
ASTH105657,0,0.0
ASTH109657,1,0.68
ASTH103027,0,0.0
ASTH106117,1,0.85
ASTH102483,0,0.05
ASTH102882,0,0.4
ASTH105561,0,0.0
ASTH100763,1,0.92
ASTH106481,1,0.73
ASTH101616,1,0.82
ASTH101222,0,0.04
ASTH108664,0,0.01
ASTH106221,0,0.0
ASTH101576,0,0.05
ASTH109391,0,0.01
ASTH106350,0,0.02
ASTH103782,0,0.02
ASTH104374,0,0.06
ASTH100708,0,0.0
ASTH100509,0,0.23
ASTH102954,1,1.0
ASTH107537,0,0.06
ASTH106338,0,0.17
ASTH108922,0,0.02
ASTH107063,0,0.0
ASTH107162,0,0.0
ASTH107371,1,0.9
ASTH106828,0,0.0
ASTH103615,0,0.01
ASTH104656,0,0.01
ASTH106975,0,0.06
ASTH104350,0,0.01
ASTH100711,0,0.45
ASTH106478,1,0.98
ASTH109129,0,0.05
ASTH108204,1,0.71
ASTH109203,0,0.0
ASTH100712,0,0.02
ASTH109112,1,0.83
ASTH101245,0,0.0
ASTH109785,0,0.06
ASTH106848,1,0.88
ASTH105133,0,0.0
ASTH100715,0,0.01
ASTH103463,0,0.02
ASTH104394,0,0.0
ASTH104568,1,0.99
ASTH108803,0,0.02
ASTH108489,1,0.84
ASTH107701,0,0.0
ASTH100212,1,0.73
ASTH109767,0,0.01
ASTH106838,0,0.24
ASTH101010,1,1.0
ASTH100323,0,0.0
ASTH105396,0,0.01
ASTH105990,0,0.02
ASTH103172,0,0.07
ASTH100334,1,0.99
ASTH108305,0,0.0
ASTH102210,0,0.05
ASTH104271,0,0.01
ASTH106740,0,0.01
ASTH100233,0,0.0
ASTH105950,0,0.0
ASTH105737,1,0.99
ASTH107921,0,0.0
ASTH102348,1,0.97
ASTH102036,0,0.03
ASTH107484,0,0.32
ASTH106006,0,0.0
ASTH104553,0,0.11
ASTH108072,0,0.0
ASTH101458,0,0.0
ASTH103288,0,0.01
ASTH103064,0,0.05
ASTH109436,0,0.05
ASTH100774,0,0.0
ASTH106832,0,0.12
ASTH100871,0,0.47
ASTH108749,0,0.0
ASTH101263,0,0.08
ASTH104833,0,0.0
ASTH103894,0,0.0
ASTH106323,0,0.03
ASTH109212,1,0.99
ASTH107019,0,0.02
ASTH101220,0,0.0
ASTH101446,1,0.98
ASTH103184,1,0.85
ASTH100408,0,0.0
ASTH104344,1,0.99
ASTH103021,0,0.0
ASTH102303,0,0.11
ASTH106271,0,0.01
ASTH108280,1,0.97
ASTH106641,0,0.0
ASTH106955,0,0.02
ASTH102109,0,0.0
ASTH105351,1,0.99
ASTH109683,0,0.0
ASTH108343,0,0.07
ASTH104549,0,0.0
ASTH101880,1,0.97
ASTH105945,0,0.03
ASTH101737,1,1.0
ASTH107793,0,0.01
ASTH105212,1,0.84
ASTH103208,1,0.99
ASTH107082,0,0.05
ASTH102055,0,0.0
ASTH101688,0,0.04
ASTH104779,0,0.0
ASTH107475,0,0.1
ASTH107876,0,0.0
ASTH106749,0,0.04
ASTH108555,0,0.04
ASTH108122,1,0.51
ASTH106990,1,1.0
ASTH108266,0,0.21
ASTH108539,0,0.0
ASTH103392,0,0.0
ASTH106325,0,0.06
ASTH103528,0,0.01
ASTH104604,1,0.94
ASTH107023,0,0.0
ASTH106321,0,0.0
ASTH100745,0,0.05
ASTH100710,1,1.0
ASTH100379,1,0.99
ASTH108782,0,0.0
ASTH103011,0,0.07
ASTH108858,0,0.0
ASTH107152,0,0.0
ASTH108566,0,0.0
ASTH103497,0,0.0
ASTH103889,0,0.2
ASTH104484,0,0.0
ASTH104011,0,0.38
ASTH102619,1,0.99
ASTH106670,1,0.97
ASTH106512,0,0.0
ASTH103467,0,0.0
ASTH101313,0,0.0
ASTH108605,0,0.03
ASTH102069,1,0.62
ASTH102982,0,0.0
ASTH105914,0,0.0
ASTH109170,0,0.02
ASTH101285,0,0.0
ASTH108990,0,0.06
ASTH108429,1,1.0
ASTH101349,0,0.08
ASTH102611,0,0.02
ASTH109494,0,0.03
ASTH103668,0,0.0
ASTH102221,1,0.93
ASTH100427,0,0.0
ASTH100653,0,0.08
ASTH109913,1,0.74
ASTH103535,0,0.04
ASTH107736,0,0.01
ASTH103245,0,0.01
ASTH104740,1,0.92
ASTH109068,1,0.99
ASTH104099,1,0.77
ASTH104100,0,0.0
ASTH106959,1,0.72
ASTH100611,1,0.99
ASTH104288,0,0.02
ASTH108570,0,0.02
ASTH109712,1,0.99
ASTH101543,0,0.41
ASTH109535,1,0.57
ASTH103853,1,0.98
ASTH100554,1,0.98
ASTH106365,0,0.08
ASTH100511,0,0.35
ASTH103206,0,0.01
ASTH108084,1,0.83
ASTH100967,0,0.02
ASTH106043,1,0.52
ASTH106879,0,0.03
ASTH106775,1,0.55
ASTH103295,1,0.99
ASTH108701,0,0.0
ASTH103429,0,0.0
ASTH108870,0,0.04
ASTH106962,1,0.82
ASTH102088,0,0.0
ASTH108499,0,0.01
ASTH106162,0,0.33
ASTH103210,0,0.0
ASTH109200,1,0.91
ASTH106605,1,0.99
ASTH101109,0,0.0
ASTH105728,0,0.03
ASTH107829,0,0.01
ASTH101038,0,0.0
ASTH101194,0,0.02
ASTH104474,0,0.0
ASTH109874,0,0.05
ASTH102122,0,0.01
ASTH104982,0,0.01
ASTH108973,0,0.02
ASTH105700,1,0.86
ASTH100934,0,0.05
ASTH106101,0,0.0
ASTH104689,0,0.1
ASTH100394,0,0.0
ASTH104685,0,0.03
ASTH108776,0,0.01
ASTH109165,0,0.01
ASTH105980,0,0.26
ASTH109942,0,0.0
ASTH102191,0,0.02
ASTH101297,0,0.0
ASTH105044,0,0.07
ASTH101162,0,0.0
ASTH104254,1,1.0
ASTH106372,0,0.06
ASTH101527,1,0.8
ASTH104342,1,0.99
ASTH102030,0,0.0
ASTH103060,0,0.07
ASTH100058,0,0.15
ASTH102405,0,0.01
ASTH105006,1,1.0
ASTH106157,1,0.9
ASTH107375,0,0.0
ASTH104506,0,0.0
ASTH105214,1,0.7
ASTH106029,0,0.01
ASTH101780,0,0.06
ASTH105447,1,1.0
ASTH104606,0,0.02
ASTH106914,0,0.02
ASTH100676,0,0.0
ASTH103582,0,0.05
ASTH103653,0,0.02
ASTH107920,1,1.0
ASTH109499,0,0.07
ASTH102732,0,0.05
ASTH104787,0,0.0
ASTH102754,1,0.77
ASTH102337,0,0.01
ASTH103643,0,0.0
ASTH107737,0,0.01
ASTH105516,0,0.0
ASTH105246,1,1.0
ASTH100866,1,0.65
ASTH104447,0,0.01
ASTH105071,0,0.05
ASTH104881,0,0.21
ASTH109510,0,0.0
ASTH103002,0,0.06
ASTH102225,0,0.0
ASTH109056,0,0.01
ASTH104826,1,0.88
ASTH107621,0,0.01
ASTH109689,0,0.34
ASTH105500,0,0.01
ASTH109700,0,0.0
ASTH108478,0,0.0
ASTH105502,1,0.97
ASTH101210,0,0.11
ASTH109083,0,0.0
ASTH102288,0,0.07
ASTH102183,0,0.05
ASTH102862,1,0.91
ASTH106861,0,0.0
ASTH102362,0,0.03
ASTH108463,0,0.01
ASTH106332,0,0.01
ASTH104064,0,0.02
ASTH109546,1,0.82
ASTH100617,0,0.0
ASTH103281,0,0.2
ASTH105226,0,0.0
ASTH103397,0,0.05
ASTH103065,0,0.08
ASTH100766,0,0.43
ASTH107078,0,0.07
ASTH105279,0,0.48
ASTH104149,0,0.06
ASTH101144,0,0.0
ASTH104248,0,0.01
ASTH104110,0,0.0
ASTH100462,1,0.88
ASTH102932,0,0.0
ASTH104623,0,0.01
ASTH103813,1,0.94
ASTH106308,0,0.03
ASTH104341,1,0.99
ASTH105300,0,0.01
ASTH106804,0,0.02
ASTH103282,0,0.0
ASTH102574,0,0.0
ASTH107961,0,0.0
ASTH107879,0,0.27
ASTH100828,0,0.0
ASTH106486,0,0.0
ASTH107599,0,0.0
ASTH102540,1,0.92
ASTH105746,0,0.0
ASTH108526,0,0.0
ASTH109566,1,0.96
ASTH103742,1,0.99
ASTH107498,1,1.0
ASTH103524,1,0.95
ASTH100020,0,0.0
ASTH101915,0,0.03
ASTH106571,0,0.07
ASTH109018,0,0.09
ASTH102012,1,0.99
ASTH105405,1,0.8
ASTH101295,1,1.0
ASTH103745,0,0.01
ASTH100591,0,0.01
ASTH101406,0,0.05
ASTH100221,0,0.06
ASTH105617,0,0.06
ASTH106248,0,0.38
ASTH104418,0,0.01
ASTH100858,1,0.55
ASTH101783,1,0.97
ASTH107259,0,0.04
ASTH106856,0,0.02
ASTH101954,1,0.65
ASTH101746,0,0.48
ASTH103132,0,0.0
ASTH108036,0,0.0
ASTH108850,0,0.0
ASTH100994,1,0.97
ASTH106108,0,0.0
ASTH100730,0,0.0
ASTH106974,0,0.04
ASTH106273,0,0.04
ASTH106751,0,0.07
ASTH103509,0,0.43
ASTH103533,0,0.0
ASTH102513,1,0.99
ASTH105436,0,0.0
ASTH103625,0,0.0
ASTH100465,0,0.03
ASTH106755,0,0.02
ASTH106759,0,0.02
ASTH107991,0,0.08
ASTH100157,0,0.0
ASTH103960,0,0.38
ASTH108832,0,0.02
ASTH105470,0,0.01
ASTH100185,0,0.04
ASTH101002,0,0.04
ASTH109508,0,0.0
ASTH105623,0,0.02
ASTH100400,1,0.98
ASTH106240,1,0.96
ASTH108940,1,0.89
ASTH109932,1,1.0
ASTH107342,1,0.97
ASTH109832,0,0.0
ASTH108466,1,0.98
ASTH108756,0,0.05
ASTH107958,0,0.0
ASTH101250,0,0.01
ASTH103143,0,0.0
ASTH107430,0,0.09
ASTH100059,0,0.0
ASTH107855,0,0.34
ASTH101113,0,0.1
ASTH103057,0,0.0
ASTH109569,0,0.03
ASTH101328,1,0.94
ASTH104995,0,0.02
ASTH106682,0,0.0
ASTH102072,0,0.0
ASTH104793,1,0.99
ASTH106829,0,0.02
ASTH109629,0,0.02
ASTH108218,0,0.03
ASTH107567,0,0.0
ASTH105922,1,1.0
ASTH101550,0,0.46
ASTH101009,0,0.05
ASTH103755,0,0.04
ASTH108681,0,0.0
ASTH109342,0,0.23
ASTH108009,0,0.0
ASTH103860,0,0.22
ASTH103148,0,0.0
ASTH102519,0,0.15
ASTH103127,1,0.79
ASTH109084,0,0.09
ASTH105316,0,0.0
ASTH101195,0,0.0
ASTH109050,0,0.35
ASTH100879,1,1.0
ASTH106989,1,0.72
ASTH102487,1,0.68
ASTH102840,0,0.14
ASTH104329,0,0.4
ASTH102930,0,0.11
ASTH106424,0,0.01
ASTH102485,1,0.9
ASTH105747,1,0.95
ASTH100883,0,0.02
ASTH104914,1,0.88
ASTH106210,0,0.01
ASTH109578,0,0.09
ASTH100211,0,0.02
ASTH102275,0,0.0
ASTH102328,1,0.94
ASTH104950,1,0.9
ASTH103319,0,0.45
ASTH109834,0,0.05
ASTH104607,0,0.0
ASTH101438,0,0.01
ASTH100467,0,0.0
ASTH105466,1,0.51
ASTH103329,1,0.9
ASTH105828,1,1.0
ASTH108607,0,0.06
ASTH100696,0,0.24
ASTH107267,0,0.06
ASTH109144,0,0.0
ASTH108180,0,0.0
ASTH109938,0,0.02
ASTH101314,0,0.0
ASTH102301,0,0.0
ASTH102039,1,0.99
ASTH107108,0,0.0
ASTH103666,0,0.0
ASTH100914,1,0.8
ASTH100012,0,0.02
ASTH108583,0,0.02
ASTH106427,0,0.0
ASTH101536,0,0.06
ASTH100736,0,0.02
ASTH108201,0,0.03
ASTH108652,0,0.01
ASTH100453,0,0.0
ASTH104345,0,0.0
ASTH100927,1,0.99
ASTH106291,0,0.01
ASTH108281,1,0.64
ASTH108722,1,0.61
ASTH106473,1,1.0
ASTH100037,0,0.0
ASTH105770,1,0.67
ASTH102554,0,0.0
ASTH107632,0,0.01
ASTH109998,0,0.11
ASTH106620,0,0.0
ASTH100940,0,0.02
ASTH107398,0,0.04
ASTH106128,0,0.04
ASTH109829,0,0.0
ASTH102680,0,0.04
ASTH104354,0,0.01
ASTH103058,0,0.02
ASTH107880,1,0.63
ASTH100738,0,0.0
ASTH100538,0,0.15
ASTH103325,0,0.0
ASTH104239,0,0.01
ASTH101400,1,1.0
ASTH104046,0,0.29
ASTH105137,0,0.0
ASTH104229,0,0.01
ASTH104191,0,0.0
ASTH109142,0,0.0
ASTH105538,0,0.01
ASTH102692,0,0.01
ASTH105340,0,0.0
ASTH109917,0,0.0
ASTH107670,1,0.96
ASTH109173,0,0.01
ASTH101807,0,0.0
ASTH105111,1,0.95
ASTH103989,1,0.99
ASTH103455,1,0.98
ASTH102907,0,0.0
ASTH106651,1,0.96
ASTH108287,0,0.04
ASTH106244,0,0.04
ASTH102697,0,0.03
ASTH104016,0,0.0
ASTH104339,0,0.02
ASTH104645,1,0.91
ASTH107739,1,0.93
ASTH107091,0,0.3
ASTH104692,1,0.98
ASTH101739,0,0.17
ASTH105406,0,0.04
ASTH104588,0,0.07
ASTH103125,0,0.3
ASTH102157,0,0.0
ASTH105333,0,0.0
ASTH108636,0,0.07
ASTH101825,0,0.0
ASTH104230,0,0.01
ASTH103487,0,0.0
ASTH109053,1,0.85
ASTH109768,1,0.52
ASTH103647,0,0.04
ASTH105902,0,0.08
ASTH106385,0,0.0
ASTH105638,1,0.98
ASTH106423,0,0.0
ASTH107826,0,0.07
ASTH107743,1,0.91
ASTH103012,0,0.01
ASTH107671,0,0.0
ASTH109548,0,0.0
ASTH109977,0,0.01
ASTH103080,0,0.03
ASTH103520,0,0.13
ASTH104978,1,0.77
ASTH107619,0,0.0
ASTH104347,0,0.01
ASTH108440,0,0.03
ASTH101346,0,0.02
ASTH107087,0,0.01
ASTH108947,1,0.95
ASTH105651,0,0.01
ASTH108081,1,0.97
ASTH101791,0,0.46
ASTH107428,0,0.01
ASTH109579,0,0.06
ASTH109959,0,0.0
ASTH102270,1,0.95
ASTH109766,0,0.01
ASTH102955,0,0.07
ASTH103443,0,0.02
ASTH107735,0,0.01
ASTH100833,0,0.0
ASTH106498,0,0.0
ASTH102991,0,0.01
ASTH107792,0,0.0
ASTH102150,0,0.0
ASTH104022,0,0.08
ASTH107614,1,0.97
ASTH106123,0,0.01
ASTH103338,0,0.05
ASTH104343,0,0.0
ASTH104463,0,0.02
ASTH102375,0,0.0
ASTH109043,0,0.0
ASTH105570,0,0.12
ASTH108598,0,0.0
ASTH108503,0,0.0
ASTH108879,0,0.0
ASTH101886,0,0.05
ASTH101197,1,0.88
ASTH106426,0,0.02
ASTH108910,0,0.07
ASTH102935,0,0.0
ASTH106341,1,0.94
ASTH101429,0,0.04
ASTH106306,0,0.0
ASTH103649,0,0.01
ASTH101937,1,0.92
ASTH105171,0,0.02
ASTH107763,0,0.0
ASTH106392,1,0.91
ASTH101153,1,0.89
ASTH106249,0,0.01
ASTH107036,0,0.19
ASTH104228,0,0.01
ASTH104974,0,0.02
ASTH106400,0,0.0
ASTH103639,0,0.01
ASTH103971,0,0.0
ASTH109593,0,0.11
ASTH103375,0,0.07
ASTH102486,0,0.0
ASTH106953,0,0.0
ASTH100605,0,0.13
ASTH107443,1,0.95
ASTH105927,0,0.04
ASTH102453,1,0.97
ASTH103608,0,0.09
ASTH101483,0,0.02
ASTH104518,0,0.02
ASTH103037,0,0.0
ASTH109351,1,0.58
ASTH107691,0,0.0
ASTH104115,1,0.98
ASTH101426,0,0.0
ASTH100496,0,0.0
ASTH103352,0,0.07
ASTH108793,0,0.0
ASTH100758,0,0.0
ASTH100837,0,0.0
ASTH104326,0,0.06
ASTH102127,0,0.03
ASTH101022,0,0.03
ASTH108761,1,1.0
ASTH105613,0,0.03
ASTH105580,1,0.8
ASTH101057,1,0.81
ASTH109541,1,0.84
ASTH106855,1,0.81
ASTH107348,0,0.01
ASTH109044,0,0.04
ASTH102128,1,0.99
ASTH102766,1,0.93
ASTH102108,1,1.0
ASTH103616,1,0.6
ASTH101544,0,0.0
ASTH106913,0,0.03
ASTH101718,1,0.98
ASTH107434,1,0.96
ASTH107364,1,1.0
ASTH106234,1,0.99
ASTH100724,1,0.66
ASTH106672,0,0.22
ASTH108028,0,0.05
ASTH105491,0,0.02
ASTH101127,1,0.96
ASTH102956,0,0.05
ASTH105155,0,0.03
ASTH104816,0,0.01
ASTH106201,0,0.0
ASTH106223,1,0.88
ASTH108685,0,0.0
ASTH107113,1,0.95
ASTH105274,1,0.96
ASTH108535,0,0.0
ASTH103043,0,0.22
ASTH106911,0,0.09
ASTH100149,0,0.01
ASTH107573,0,0.0
ASTH104205,0,0.0
ASTH105492,0,0.0
ASTH102689,1,1.0
ASTH104220,1,0.98
ASTH109101,0,0.04
ASTH100841,1,0.94
ASTH108136,0,0.0
ASTH106437,0,0.02
ASTH109699,0,0.05
ASTH106199,0,0.02
ASTH102794,0,0.04
ASTH107625,1,0.94
ASTH108474,0,0.07
ASTH107889,0,0.02
ASTH106607,0,0.17
ASTH109194,0,0.04
ASTH108247,0,0.01
ASTH101392,0,0.0
ASTH101921,0,0.06
ASTH107018,0,0.01
ASTH103621,1,0.97
ASTH104848,1,1.0
ASTH102291,0,0.0
ASTH102133,0,0.0
ASTH100550,0,0.04
ASTH101740,0,0.01
ASTH105289,0,0.01
ASTH101817,0,0.01
ASTH104698,0,0.01
ASTH105181,0,0.02
ASTH103018,0,0.01
ASTH100017,0,0.07
ASTH101770,0,0.45
ASTH101888,0,0.01
ASTH102152,1,0.84
ASTH101642,1,0.76
ASTH107846,0,0.02
ASTH104193,0,0.03
ASTH109432,0,0.05
ASTH108898,0,0.0
ASTH100533,0,0.02
ASTH100132,0,0.01
ASTH107722,0,0.0
ASTH108458,0,0.0
ASTH100964,0,0.05
ASTH108719,0,0.01
ASTH106412,0,0.01
ASTH108285,0,0.09
ASTH107853,0,0.01
ASTH101095,0,0.0
ASTH106929,0,0.0
